img_url,description,answer,modified description,prompt
https://raw.githubusercontent.com/abhi1nandy2/Re-Bus/master/images/17_12.png,"This rebus puzzle consists of two visual elements:

1. **A diamond**: It appears radiant, with light lines emanating from it, emphasizing its sparkle.
2. **An eye**: A realistic illustration of a human eye.

The placement and combination of these elements suggest a play on their phonetic sounds when spoken aloud. Use these clues to think of how their sounds could represent a word or phrase.",July,"This rebus puzzle consists of two visual elements:

1. **A diamond**: It appears radiant, with light lines emanating from it, emphasizing its sparkle.
2. **An eye**: A realistic illustration of a human eye.

The placement and combination of these elements suggest a play on their phonetic sounds when spoken aloud. Use these clues to think of how their sounds could represent a word or phrase.","This is a rebus puzzle and you need to solve this. A rebus puzzle is a play on words based on images and may contain objects, text, logical operators, and other forms of creative thinking to solve. Note that the color, position, orientation, aspect ratio, size, style/texture, and number of objects/characters/words are important features to consider while solving the puzzle. 

Understand this puzzle and describe the image in a way that highlights the most important parts needed to solve the puzzle. Don't provide the final answer; instead, describe it in a way that is highly useful for solving the puzzle.

Answer to the puzzle: July "
https://raw.githubusercontent.com/abhi1nandy2/Re-Bus/master/images/19_6.png,"This rebus puzzle contains the following key visual elements:

1. **Wavy lines resembling water**: Positioned as a background, it suggests a connection to the sea or ocean.
2. **A quill**: A traditional feather pen, placed upright in an ink bottle in the foreground.

The combination of ""sea"" (suggested by the water) and ""quill"" (represented by the pen) hints at a phonetic play that forms a meaningful word or concept. Use these elements and their sounds to deduce the answer.",Sequel,"This rebus puzzle contains the following key visual elements:

1. **Wavy lines resembling water**: Positioned as a background, it suggests a connection to the sea or ocean.
2. **A quill**: A traditional feather pen, placed upright in an ink bottle in the foreground.

The combination of ""sea"" (suggested by the water) and ""quill"" (represented by the pen) hints at a phonetic play that forms a meaningful word or concept. Use these elements and their sounds to deduce the answer.","This is a rebus puzzle and you need to solve this. A rebus puzzle is a play on words based on images and may contain objects, text, logical operators, and other forms of creative thinking to solve. Note that the color, position, orientation, aspect ratio, size, style/texture, and number of objects/characters/words are important features to consider while solving the puzzle. 

Understand this puzzle and describe the image in a way that highlights the most important parts needed to solve the puzzle. Don't provide the final answer; instead, describe it in a way that is highly useful for solving the puzzle.

Answer to the puzzle: Sequel"
https://raw.githubusercontent.com/abhi1nandy2/Re-Bus/master/images/20_5.png,"This rebus puzzle contains the following important elements:

1. **A fan**: The image prominently displays a fan with three blades.
2. **A tree**: A silhouette of a tree is positioned in the center of the fan, integrated with its hub.

The solution involves a phonetic play combining ""fan"" and ""tree,"" forming a meaningful word. Consider how these sounds merge to arrive at the answer.",Infantry,"This rebus puzzle contains the following important elements:

1. **A fan**: The image prominently displays a fan with three blades.
2. **A tree**: A silhouette of a tree is positioned **in** the center of the fan, integrated with its hub.

The solution involves a phonetic play combining ""fan"" and ""tree,"" forming a meaningful word. Consider how these sounds merge to arrive at the answer.","This is a rebus puzzle and you need to solve this. A rebus puzzle is a play on words based on images and may contain objects, text, logical operators, and other forms of creative thinking to solve. Note that the color, position, orientation, aspect ratio, size, style/texture, and number of objects/characters/words are important features to consider while solving the puzzle. 

Understand this puzzle and describe the image in a way that highlights the most important parts needed to solve the puzzle. Don't provide the final answer; instead, describe it in a way that is highly useful for solving the puzzle.

Answer to the puzzle: Infantry"
https://raw.githubusercontent.com/abhi1nandy2/Re-Bus/master/images/puzzle14.gif,"The image shows the word ""SIDE"" in large black capital letters, with the word ""LOOK"" in smaller text inside the letter ""D."" The background is light purple. Key features to note for solving the rebus:

1. **Placement of ""LOOK""**: It is positioned inside the ""D"" of ""SIDE,"" suggesting a focus on something ""inside.""
2. **Relationship of words**: The smaller ""LOOK"" text directly relates to the larger ""SIDE"" text, emphasizing their interaction.
3. **Styling and color**: The black text contrasts against the purple background, drawing attention to the word ""LOOK"" within ""SIDE.""

This setup suggests interpreting the combination of ""LOOK"" and ""SIDE"" based on their spatial relationship.",Look Inside,"""The image shows the word """"SIDE"""" in large black capital letters, with the word """"LOOK"""" in smaller text inside the letter """"D."""" Key features to note for solving the rebus:

1. **Placement of """"LOOK""""**: It is positioned inside the """"D"""" of """"SIDE,"""" suggesting a focus on something """"inside.""""
2. **Relationship of words**: The smaller """"LOOK"""" text directly relates to the larger """"SIDE"""" text, emphasizing their interaction.
3. **Styling and color**: The black text contrasts against the purple background, drawing attention to the word """"LOOK"""" within """"SIDE.""""

This setup suggests interpreting the combination of """"LOOK"""" and """"SIDE"""" based on their spatial relationship.""","This is a rebus puzzle and you need to solve this. A rebus puzzle is a play on words based on images and may contain objects, text, logical operators, and other forms of creative thinking to solve. Note that the color, position, orientation, aspect ratio, size, style/texture, and number of objects/characters/words are important features to consider while solving the puzzle. 

Understand this puzzle and describe the image in a way that highlights the most important parts needed to solve the puzzle. Don't provide the final answer; instead, describe it in a way that is highly useful for solving the puzzle. 

Answer to the puzzle: Look Inside"
https://raw.githubusercontent.com/abhi1nandy2/Re-Bus/master/images/puzzle154.gif,"The image features the phrase ""A DOUBT"" written in bold, black capital letters. The following key features are important for solving the puzzle:

1. **Shadow effect**: The text has a faint gray shadow behind it, which subtly emphasizes the concept of a ""shadow.""
2. **Text arrangement**: The phrase is centered on a white background, surrounded by a bold red rectangular border.
3. **Styling and contrast**: The black text with the gray shadow contrasts against the white background, making the shadow a noticeable element.

The inclusion of the shadow in the word ""DOUBT"" suggests its significance in interpreting the solution.",Shadow of a doubt,"""The image features the phrase """"A DOUBT"""" written in bold, black capital letters. The following key features are important for solving the puzzle:

1. **Shadow effect**: The text has a faint gray shadow behind it, which subtly emphasizes the concept of a """"shadow.""""

2. **Styling and contrast**: The black text with the gray shadow contrasts against the white background, making the shadow a noticeable element.

The inclusion of the shadow in """"A DOUBT"""" suggests its significance in interpreting the solution.""","This is a rebus puzzle and you need to solve this. A rebus puzzle is a play on words based on images and may contain objects, text, logical operators, and other forms of creative thinking to solve. Note that the color, position, orientation, aspect ratio, size, style/texture, and number of objects/characters/words are important features to consider while solving the puzzle. 

Understand this puzzle and describe the image in a way that highlights the most important parts needed to solve the puzzle. Don't provide the final answer; instead, describe it in a way that is highly useful for solving the puzzle. 

Answer to the puzzle: Shadow of a doubt"
https://raw.githubusercontent.com/abhi1nandy2/Re-Bus/master/images/puz106.gif,"The image shows the word ""BARBERSHOP"" repeated four times, all in bold, black capital letters. Key details to focus on for solving the puzzle:

1. **Repetition**: The word ""BARBERSHOP"" is written exactly four times, emphasizing the number four as a critical clue.
2. **Alignment**: The words are arranged in a vertical stack, creating a clear and orderly format.
3. **Styling**: The text is bold and uniform, with a black-on-white color scheme, which draws attention to the quantity and uniformity of the words.

The repetition of ""BARBERSHOP"" four times is central to interpreting the play on words in this puzzle.",Barbershop quartet,"""The image shows the word """"BARBERSHOP"""" repeated four times, all in bold, black capital letters. Key details to focus on for solving the puzzle:

1. **Repetition**: The word """"BARBERSHOP"""" is written exactly four times, emphasizing the number four as a critical clue.
2. **Alignment**: The words are arranged in a vertical stack, creating a clear and orderly format.
3. **Styling**: The text is bold and uniform, with a black-on-white color scheme, which draws attention to the quantity and uniformity of the words.

The repetition of """"BARBERSHOP"""" four times is central to interpreting the play on words in this puzzle.""","This is a rebus puzzle and you need to solve this. A rebus puzzle is a play on words based on images and may contain objects, text, logical operators, and other forms of creative thinking to solve. Note that the color, position, orientation, aspect ratio, size, style/texture, and number of objects/characters/words are important features to consider while solving the puzzle. 

Understand this puzzle and describe the image in a way that highlights the most important parts needed to solve the puzzle. Don't provide the final answer; instead, describe it in a way that is highly useful for solving the puzzle. 

Answer to the puzzle: Barbershop quartet"
https://raw.githubusercontent.com/abhi1nandy2/Re-Bus/master/images/puzzle103.gif,"The image features the word **""bighorn""** written in lowercase, positioned in the center of a light green rectangle with a beige border. Key details for solving the puzzle include:

1. **Text size**: The word ""bighorn"" is written in a relatively small font, which contrasts with the word's meaning, hinting at the concept of ""small"" or ""little.""
2. **Positioning**: The word is centered within the rectangle, ensuring the focus remains on the single word.
3. **Styling**: The text is plain, with no bold or decorative effects, emphasizing the play on the word size and meaning.

The small size of the word ""bighorn"" is a crucial element for interpreting the solution to the puzzle.",little big horn,"The image features the word **""bighorn""** written in lowercase, positioned in the center of a light green rectangle with a beige border. Key details for solving the puzzle include:

1. **Text size**: The word ""bighorn"" is written in a relatively small font, which contrasts with the word's meaning, hinting at the concept of ""small"" or ""little.""
2. **Positioning**: The word is centered within the rectangle, ensuring the focus remains on the single word.
3. **Styling**: The text is plain, with no bold or decorative effects, emphasizing the play on the word size and meaning.

The small size of the word ""bighorn"" is a crucial element for interpreting the solution to the puzzle.","This is a rebus puzzle and you need to solve this. A rebus puzzle is a play on words based on images and may contain objects, text, logical operators, and other forms of creative thinking to solve. Note that the color, position, orientation, aspect ratio, size, style/texture, and number of objects/characters/words are important features to consider while solving the puzzle. 

Understand this puzzle and describe the image in a way that highlights the most important parts needed to solve the puzzle. Don't provide the final answer; instead, describe it in a way that is highly useful for solving the puzzle. 

Answer to the puzzle: little big horn"
https://raw.githubusercontent.com/abhi1nandy2/Re-Bus/master/images/puz22.gif,"The image features the following key details:

1. **Words and layout**:
   - The word **""PLAY""** is written in large, bold, white script font and occupies a prominent position on the left side of the red background.
   - The word **""stop""** is written in a much smaller font and is positioned just below and to the right of ""PLAY,"" appearing subdued in comparison.

2. **Color scheme**:
   - The background is bright red, with a dark blue border enclosing the design.
   - The white text contrasts sharply with the red background, making the two words stand out despite their size differences.

3. **Styling and emphasis**:
   - The size difference and relative positioning of ""PLAY"" and ""stop"" suggest a relationship between the two, with the smaller ""stop"" hinting at a secondary or less dominant concept.

The juxtaposition of ""PLAY"" and ""stop"" in terms of size and placement plays a significant role in interpreting the puzzle's meaning.",Play shortstop,"""The image features the following key details:

1. **Words and layout**:
   - The word **""""PLAY""""** is written in large, bold, font and occupies a prominent position on the left side of the background.
   - The word **""""stop""""** is written in a much smaller font and is positioned just below and to the right of """"PLAY,"""" appearing subdued in comparison.

2. **Styling and emphasis**:
   - The size difference and relative positioning of """"PLAY"""" and """"stop"""" suggest a relationship between the two, with the smaller """"stop"""" hinting at a secondary or less dominant concept.

The juxtaposition of """"PLAY"""" and """"stop"""" in terms of size and placement plays a significant role in interpreting the puzzle's meaning.""","This is a rebus puzzle and you need to solve this. A rebus puzzle is a play on words based on images and may contain objects, text, logical operators, and other forms of creative thinking to solve. Note that the color, position, orientation, aspect ratio, size, style/texture, and number of objects/characters/words are important features to consider while solving the puzzle. 

Understand this puzzle and describe the image in a way that highlights the most important parts needed to solve the puzzle. Don't provide the final answer; instead, describe it in a way that is highly useful for solving the puzzle. 

Answer to the puzzle: Play shortstop"
https://raw.githubusercontent.com/abhi1nandy2/Re-Bus/master/images/puzzle129.gif,"The image contains the following important elements:

1. **Words and text layout**:
   - The word **""MAN""** is written in bold, large purple capital letters at the top of the image, making it the most prominent feature.
   - The word **""CAMPUS""** is written in smaller black capital letters directly beneath ""MAN,"" creating a clear hierarchical relationship between the two.

2. **Color scheme**:
   - The background is light blue, framed by a bright pink border, which makes the central elements stand out.
   - The color contrast between the purple ""MAN"" and the black ""CAMPUS"" further emphasizes the difference in size and importance.

3. **Styling and emphasis**:
   - The significant size difference between ""MAN"" and ""CAMPUS"" suggests a play on the concept of scale or importance.

The relationship between the large ""MAN"" and the smaller ""CAMPUS"" is critical for interpreting the meaning of the puzzle.",Big man on campus,"The image contains the following important elements: 

1. **Words and text layout**: 
- The word **""MAN""** is written in bold, large capital letters at the top of the image, making it the most prominent feature. 
- The word **""CAMPUS""** is written in smaller capital letters directly beneath ""MAN,"" creating a clear hierarchical relationship between the two. 

2. **Styling and emphasis**: 
- The significant size difference between ""MAN"" and ""CAMPUS"" suggests a play on the concept of scale or importance. 

The relationship between the large ""MAN"" and the smaller ""CAMPUS"" is critical for interpreting the meaning of the puzzle.","This is a rebus puzzle and you need to solve this. A rebus puzzle is a play on words based on images and may contain objects, text, logical operators, and other forms of creative thinking to solve. Note that the color, position, orientation, aspect ratio, size, style/texture, and number of objects/characters/words are important features to consider while solving the puzzle. 

Understand this puzzle and describe the image in a way that highlights the most important parts needed to solve the puzzle. Don't provide the final answer; instead, describe it in a way that is highly useful for solving the puzzle. 

Answer to the puzzle: Big man on campus"
https://raw.githubusercontent.com/abhi1nandy2/Re-Bus/master/images/puzzle136.gif,"The image contains the following key elements:

1. **Words and layout**:
   - The word **""DANUBE""** is written horizontally at the top of the image in bold black capital letters.
   - The letters **""L,"" ""O,"" and ""S""** are written vertically, descending beneath the ""DANUBE,"" forming a downward flow of letters.

2. **Positioning and flow**:
   - The letters ""L,"" ""O,"" and ""S"" are spaced evenly in a vertical column directly under ""DANUBE,"" suggesting a downward movement.

3. **Color scheme**:
   - The background is light blue with a bright pink border, reminiscent of water (possibly the river Danube).

4. **Styling**:
   - The black text stands out clearly against the light blue background, with the descending arrangement visually reinforcing the idea of movement.

The vertical arrangement of ""L,"" ""O,"" and ""S"" under ""DANUBE"" and the suggestion of flowing water are key to interpreting the solution.",Sold down the river,"""The image contains the following key elements:

1. **Words and layout**:
   - The word **""""DANUBE""""** is written horizontally at the top of the image in bold black capital letters.
   - The letters **""""L,"""" """"O,"""" and """"S""""** are written vertically, descending beneath the """"DANUBE,"""" forming a downward flow of letters.

2. **Positioning and flow**:
   - The letters """"L,"""" """"O,"""" and """"S"""" are spaced evenly in a vertical column directly under """"DANUBE,"""" suggesting a downward movement.

3. **Color scheme**:
   - The background is light blue, reminiscent of water (possibly the river Danube).

4. **Styling**:
   - The black text stands out clearly against the light blue background, with the descending arrangement visually reinforcing the idea of movement.

The vertical arrangement of """"L,"""" """"O,"""" and """"S"""" under """"DANUBE"""" and the suggestion of flowing water are key to interpreting the solution.""","This is a rebus puzzle and you need to solve this. A rebus puzzle is a play on words based on images and may contain objects, text, logical operators, and other forms of creative thinking to solve. Note that the color, position, orientation, aspect ratio, size, style/texture, and number of objects/characters/words are important features to consider while solving the puzzle. 

Understand this puzzle and describe the image in a way that highlights the most important parts needed to solve the puzzle. Don't provide the final answer; instead, describe it in a way that is highly useful for solving the puzzle. 

Answer to the puzzle: Sold down the river"
https://raw.githubusercontent.com/abhi1nandy2/Re-Bus/master/images/puz99.gif,"The image contains the following important features:

1. **Word and orientation**:
   - The word **""ICEBERG""** is written diagonally, slanted upwards from the bottom-left to the top-right corner.

2. **Positioning**:
   - Only the top portion of the word ""ICEBERG"" is visible, while the bottom portion is cut off, as if ""submerged"" or partially hidden.

3. **Styling and layout**:
   - The text is in bold black letters on a plain white background, emphasizing its visibility despite being partially concealed.

The diagonal orientation and partial visibility of ""ICEBERG"" strongly suggest a play on the idea of something being partly hidden or emerging, which is crucial for interpreting the puzzle.",Tip of the iceberg,"The image contains the following important features:

1. **Word and orientation**:
   - The word **""ICEBERG""** is written diagonally, slanted upwards from the bottom-left to the top-right corner.

The diagonal orientation of ""ICEBERG"" strongly suggest a play on the idea of something emerging, which is crucial for interpreting the puzzle.","This is a rebus puzzle and you need to solve this. A rebus puzzle is a play on words based on images and may contain objects, text, logical operators, and other forms of creative thinking to solve. Note that the color, position, orientation, aspect ratio, size, style/texture, and number of objects/characters/words are important features to consider while solving the puzzle. 

Understand this puzzle and describe the image in a way that highlights the most important parts needed to solve the puzzle. Don't provide the final answer; instead, describe it in a way that is highly useful for solving the puzzle. 

Answer to the puzzle: Tip of the iceberg"
https://raw.githubusercontent.com/abhi1nandy2/Re-Bus/master/images/puz111.gif,"The image contains the following key elements:

1. **Word and orientation**:
   - The word **""TEMPORARY""** is written in bold black capital letters.
   - The word is **mirrored or reversed**, appearing as if reflected in a mirror.

2. **Styling and layout**:
   - The text is placed on a plain white background, ensuring the reversed word is the central focus.
   - The reversal creates a sense of distortion or change in direction.

3. **Framing**:
   - The image has a black border that frames the mirrored text, keeping the focus on the unusual presentation of the word.

The reversed orientation of ""TEMPORARY"" is the crucial aspect of this puzzle, suggesting a play on the concept of setback, reversal, or temporary difficulty.",temporary setback,"""The image contains the following key elements:

1. **Word and orientation**:
   - The word **""""TEMPORARY""""** is written in bold black capital letters.
   - The word is **mirrored or reversed**, appearing as if reflected in a mirror.

2. **Styling and layout**:
   - The text is placed on a plain white background, ensuring the reversed word is the central focus.
   - The reversal creates a sense of distortion or change in direction.


The reversed orientation of """"TEMPORARY"""" is the crucial aspect of this puzzle, suggesting a play on the concept of setback, reversal, or temporary difficulty.""","This is a rebus puzzle and you need to solve this. A rebus puzzle is a play on words based on images and may contain objects, text, logical operators, and other forms of creative thinking to solve. Note that the color, position, orientation, aspect ratio, size, style/texture, and number of objects/characters/words are important features to consider while solving the puzzle. 

Understand this puzzle and describe the image in a way that highlights the most important parts needed to solve the puzzle. Don't provide the final answer; instead, describe it in a way that is highly useful for solving the puzzle. 

Answer to the puzzle: temporary setback"
https://raw.githubusercontent.com/abhi1nandy2/Re-Bus/master/images/puz96.gif,"The image contains the following significant features:

1. **Words and formatting**:
   - The letter **""E""** is written in red and stands alone on the left side of the image.
   - To the right of the ""E,"" the word **""more""** is repeated four times in black, arranged horizontally in a straight line.

2. **Styling and layout**:
   - The entire setup is on a plain white background with a blue rectangular border framing the content.

3. **Positioning and emphasis**:
   - The red ""E"" is distinct from the rest of the text, standing out due to its color and solitary placement.
   - The repetition of ""more"" emphasizes abundance or a continuation.

The arrangement of ""E"" and the repeated ""more"" suggests a wordplay involving readiness or an abundance of ""more.""",Ready for more,"""The image contains the following significant features:

1. **Words and formatting**:
   - The letter **""""E""""** is written in red and stands alone on the left side of the image.
   - To the right of the """"E,"""" the word **""""more""""** is repeated four times in black, arranged horizontally in a straight line.

2. **Positioning and emphasis**:
   - The red """"E"""" is distinct from the rest of the text, standing out due to its color and solitary placement.
   - The repetition of """"more"""" four times emphasizes abundance or a continuation.

The arrangement of """"E"""" and the repeated """"more""""  four times suggests a wordplay involving readiness or an abundance of """"more.""""""","This is a rebus puzzle and you need to solve this. A rebus puzzle is a play on words based on images and may contain objects, text, logical operators, and other forms of creative thinking to solve. Note that the color, position, orientation, aspect ratio, size, style/texture, and number of objects/characters/words are important features to consider while solving the puzzle. 

Understand this puzzle and describe the image in a way that highlights the most important parts needed to solve the puzzle. Don't provide the final answer; instead, describe it in a way that is highly useful for solving the puzzle. 

Answer to the puzzle: Ready for more"
https://raw.githubusercontent.com/abhi1nandy2/Re-Bus/master/images/puz113.gif,"The image contains the following significant features:

1. **Main text**: The word **""CHART""** is prominently displayed in capital letters.
2. **Design of the letters**: Each letter is constructed using small dots, closely resembling the style used in eye charts or patterns made to simulate vision tests.
3. **Background and layout**: The background is white, with a simple black rectangular border framing the text.
4. **Emphasis**: The dotted style of the letters is a notable feature that draws attention to the visual element, suggesting a wordplay involving vision or sight.",eye chart,"""The image contains the following significant features:

1. **Main text**: The word **""""CHART""""** is prominently displayed in capital letters.
2. **Design of the letters**: Each letter is constructed using smaller 'i' letters.","This is a rebus puzzle and you need to solve this. A rebus puzzle is a play on words based on images and may contain objects, text, logical operators, and other forms of creative thinking to solve. Note that the color, position, orientation, aspect ratio, size, style/texture, and number of objects/characters/words are important features to consider while solving the puzzle. 

Understand this puzzle and describe the image in a way that highlights the most important parts needed to solve the puzzle. Don't provide the final answer; instead, describe it in a way that is highly useful for solving the puzzle. 

Answer to the puzzle: eye chart"
https://raw.githubusercontent.com/abhi1nandy2/Re-Bus/master/images/puz72.gif,"The image contains the following significant features:

1. **Text Content**: The word **""DAYDAYOUT""** is written in uppercase and in a single line without spaces.
2. **Style and Layout**: The letters are evenly spaced and in a bold font, displayed centrally on a white background.
3. **Frame**: The text is enclosed within a simple rectangular border, which is colored red.
4. **Word Configuration**: The repetition of the word ""DAY"" and the subsequent word ""OUT"" suggests a repetitive or cyclical theme, indicating a play on time or routine.","day in, day out","""The image contains the following significant features:

1. **Text Content**: The word **""""DAYDAYOUT""""** is written in uppercase and in a single line without spaces.
2. **Word Configuration**: The presence of the word """"DAY"""" in the word """"DAYOUT"""" suggests a repetitive or cyclical theme, indicating a play on time or routine.""","This is a rebus puzzle and you need to solve this. A rebus puzzle is a play on words based on images and may contain objects, text, logical operators, and other forms of creative thinking to solve. Note that the color, position, orientation, aspect ratio, size, style/texture, and number of objects/characters/words are important features to consider while solving the puzzle. 

Understand this puzzle and describe the image in a way that highlights the most important parts needed to solve the puzzle. Don't provide the final answer; instead, describe it in a way that is highly useful for solving the puzzle. 

Answer to the puzzle: day in, day out"
https://raw.githubusercontent.com/abhi1nandy2/Re-Bus/master/images/puz36.gif,"The image contains the following essential features:

1. **Text Content**: The word **""tOOTH""** is displayed, with the letter **""t""** in lowercase, followed by ""OOTH"" in uppercase.
2. **Special Symbol**: A **less-than symbol (`<`)** is positioned just before the word ""tOOTH.""
3. **Font and Style**: The text is simple and bold, with the uppercase ""OOTH"" standing out due to its size relative to the lowercase ""t.""
4. **Background and Frame**: The background is light yellow, and there is no visible border.
5. **Positioning**: The `<` symbol's placement suggests an action or relationship with the word ""tOOTH.""",toothpick,"The image contains the following essential features:

1. **Text Content**: The word **""tOOTH""** is displayed, with the letter **""t""** in lowercase, followed by ""OOTH"" in uppercase, with the font size gradually increasing from left to right.
2. **Special Symbol**: A **less-than symbol (`<`)** is positioned just before the word ""tOOTH.""
3. **Font and Style**: The text is simple and bold, with the uppercase ""OOTH"" standing out due to its size relative to the lowercase ""t.""
4. **Positioning**: The `<` symbol's placement suggests an action or relationship with the word ""tOOTH.""","This is a rebus puzzle and you need to solve this. A rebus puzzle is a play on words based on images and may contain objects, text, logical operators, and other forms of creative thinking to solve. Note that the color, position, orientation, aspect ratio, size, style/texture, and number of objects/characters/words are important features to consider while solving the puzzle. 

Understand this puzzle and describe the image in a way that highlights the most important parts needed to solve the puzzle. Don't provide the final answer; instead, describe it in a way that is highly useful for solving the puzzle. 

Answer to the puzzle: toothpick"
https://raw.githubusercontent.com/abhi1nandy2/Re-Bus/master/images/puz60.gif,"The image contains the following essential features:

1. **Text Content**:
   - The words **""BIG BIG""** are prominently displayed at the top in bold letters.
   - Below that, the words **""ignore ignore""** are shown in smaller and less prominent text.

2. **Font and Style**:
   - The word ""BIG"" is bold and capitalized, making it stand out significantly compared to the smaller, lowercase ""ignore.""

3. **Positioning**:
   - ""BIG BIG"" is placed at the top, and ""ignore ignore"" is positioned below it, suggesting a hierarchy in importance or size.

4. **Frame and Background**:
   - The background is white, and there is a bright pink border enclosing the text. This vibrant border adds emphasis to the contents. 

This combination of contrasting size and prominence between the two sets of words is key to interpreting the puzzle.",too big to ignore,"The image contains the following essential features:

1. **Text Content**:
   - The words **""""BIG BIG""""** are prominently displayed at the top in bold letters which are two in number.
   - Below that, the words **""""ignore ignore""""** are shown, that are also two in number.

This combination of the two sets of words along with their word count is key to interpreting the puzzle.","This is a rebus puzzle and you need to solve this. A rebus puzzle is a play on words based on images and may contain objects, text, logical operators, and other forms of creative thinking to solve. Note that the color, position, orientation, aspect ratio, size, style/texture, and number of objects/characters/words are important features to consider while solving the puzzle. 

Understand this puzzle and describe the image in a way that highlights the most important parts needed to solve the puzzle. Don't provide the final answer; instead, describe it in a way that is highly useful for solving the puzzle. 

Answer to the puzzle: too big to ignore"
https://raw.githubusercontent.com/abhi1nandy2/Re-Bus/master/images/puz123.gif,"The image contains the following important elements for solving the rebus puzzle:

1. **Text Content**:
   - The letters **""HO""** are displayed prominently in bold uppercase.

2. **Font and Style**:
   - The letters are bold and large, suggesting emphasis.

3. **Frame and Background**:
   - The background is white, enclosed by a simple black border.

4. **Interpretation Clue**:
   - The size and boldness of the letters may hint at their relative significance or intensity, implying the idea of something being exaggerated or heightened.",big laugh,"The image contains the following important elements for solving the rebus puzzle:

1. **Text Content**:
   - The letters **""HO""** are displayed prominently in bold uppercase.

2. **Font and Style**:
   - The letters are bold and large, suggesting emphasis.

3. **Interpretation Clue**:
   - The size and boldness of the letters may hint at their relative significance or intensity, implying the idea of something being exaggerated or heightened.",
https://raw.githubusercontent.com/abhi1nandy2/Re-Bus/master/images/1_1.png,"The image contains the following important elements for solving the rebus puzzle:

1. **Text Content**:
   - The text reads **""M1Y L1I1F1E""**.

2. **Character Substitution**:
   - The use of the numeral **""1""** in place of certain letters like ""I"" and ""L"" is a key feature.

3. **Font and Presentation**:
   - The text is bold and centered on a plain white background, surrounded by a thin black border.

4. **Interpretation Clue**:
   - The substitution of numbers for letters suggests a play on words or phrase involving ""once"" or a numerical reference within the context of the phrase.",for once in my life,"""The image contains the following important elements for solving the rebus puzzle:

1. **Text Content**:
   - The text reads **""""M1Y L1I1F1E""""**.

2. **Count of 1's**:
   - The numeral ""1"" appears four times, which may suggest an emphasis on the number ""1"" or its phonetic equivalent.

3. **Position of 1's**:
   - The ""1's"" are placed within the words ""MY"" and ""LIFE,"" possibly highlighting a phrase involving these two words.
2. **Interpretation Clue**:
   - The repetition of ""1's"" and their placement may hint at a play on words.",
https://raw.githubusercontent.com/abhi1nandy2/Re-Bus/master/images/5_10.png,"The image contains the following elements crucial for solving the rebus puzzle:

1. **Text Content**:
   - The phrase reads: **""The w KING oods""**.

2. **Visual Clues**:
   - The word **""KING""** is prominently bolded, while **""w""** and **""oods""** are in regular font, forming a fragmented phrase.

3. **Word Positioning**:
   - The word **""KING""** is inserted in the middle of **""w""** and **""oods""**, suggesting that it is part of the phrase being formed.

4. **Interpretation Hint**:
   - The positioning of ""KING"" within ""w oods"" is a play on combining words or sounds. This implies a phrase involving nature and movement.

Focus on how the fragmented text and bolded word relate to the overall concept to derive the solution.",hiking in the woods,"The image contains the following elements crucial for solving the rebus puzzle:  

1. **Text Content**:  
   - The phrase reads: **""The w KING oods""**.  

2. **Visual Clues**:  
   - The word **""KING""** is prominently bolded and capitalized, while **""w""** and **""oods""** are in regular font, forming a fragmented phrase.  

3. **Word Positioning**:  
   - The word **""KING""** is inserted between **""w""** and **""oods""** and is positioned slightly higher than the rest of the text, suggesting emphasis and a potential layered meaning.  

4. **Interpretation Hint**:  
   - The elevated positioning of ""KING"" within ""w oods"" plays on the idea of combining words. This suggests a phrase related to nature or an outdoor activity involving movement.  

Focus on how the fragmented text, the elevated word ""KING,"" and the bolded word interact to reveal the solution.",
https://raw.githubusercontent.com/abhi1nandy2/Re-Bus/master/images/puz117.jpg,"The image contains the following key elements necessary for solving the rebus puzzle:

1. **Text Content**:
   - The word **EARTH** is repeated twice, written vertically in a stacked format.

2. **Visual Layout**:
   - Both words are perfectly aligned and stacked from top to bottom, creating a visual representation of movement or descent.

3. **Positioning and Orientation**:
   - The vertical arrangement of the text emphasizes a ""downward"" concept.

4. **Clue for Interpretation**:
   - The repeated and aligned positioning of the word suggests a connection to the direction or nature of the word **EARTH** in a metaphorical or literal sense.

Focus on the alignment and the concept of ""descent"" or ""grounding"" to derive the solution.",down to earth,"The image contains the following key elements necessary for solving the rebus puzzle:

1. **Text Content**:
   - The word **EARTH** is repeated twice, written vertically in a stacked format.

2. **Visual Layout**:
   - Both words are perfectly aligned and stacked from top to bottom, creating a visual representation of movement or descent.

3. **Positioning and Orientation**:
   - The vertical arrangement of the text emphasizes a ""downward"" concept.

4. **Clue for Interpretation**:
   - The repeated and aligned positioning of the word suggests a connection to the direction or nature of the word **EARTH** in a metaphorical or literal sense.

Focus on the alignment and the concept of ""descent"" or ""grounding"" to derive the solution.",
